{"cameraMode":{"drawMode":0,"name":"Shaded","section":"Shading Mode"},"sceneLighting":true,"audioPlay":false,"sceneViewState":{"m_AlwaysRefresh":false,"showFog":true,"showSkybox":true,"showFlares":true,"showImageEffects":true,"showParticleSystems":true,"showVisualEffectGraphs":true,"m_FxEnabled":true},"in2DMode":false,"pivot":{"x":8.569706916809082,"y":5.011561870574951,"z":-7.537534713745117},"rotation":{"x":-0.27422526478767397,"y":-0.009518839418888092,"z":0.0027305588591843845,"w":-0.961568295955658},"size":12.12435531616211,"orthographic":false}