{"cameraMode":{"drawMode":0,"name":"Shaded","section":"Shading Mode"},"sceneLighting":true,"audioPlay":false,"sceneViewState":{"m_AlwaysRefresh":false,"showFog":true,"showSkybox":true,"showFlares":true,"showImageEffects":true,"showParticleSystems":true,"showVisualEffectGraphs":true,"m_FxEnabled":true},"in2DMode":false,"pivot":{"x":7.18376350402832,"y":3.822094202041626,"z":-0.5700705051422119},"rotation":{"x":-0.1955309808254242,"y":-0.00529633741825819,"z":0.0010685428278520704,"w":-0.9806373119354248},"size":20.459333419799806,"orthographic":false}